file,name
008K0.jpg,Anthony Byrne
008W7.jpg,George Brandis
00AKI.JPG,Peter Dutton
00AMM.JPG,Luke Hartsuyker
00AMN.JPG,Sussan Ley
00AMR.JPG,Catherine King
00AMT.jpg,Maria Vamvakinou
00AMV.JPG,Greg Hunt
00AN0.JPG,Steven Ciobo
00AN1.JPG,John Cobb
00AN3.JPG,Brendan O'Connor
00AOL.JPG,Richard Colbeck
00AOM.JPG,Nigel Scullion
00AON.JPG,David Johnston
00AOP.jpg,Gavin Marshall
00AOQ.JPG,Claire Moore
00AOS.jpg,Ursula Stephens
00AOU.jpg,Penny Wong
00APG.JPG,Tony Smith
00ATG.jpg,Bill Shorten
00BCM.jpg,Peter Hendy
0J4.jpg,Philip Ruddock
112096.jpg,Sue Lines
123674.jpg,Cathy McGowan
137174.jpg,Andrew Nikolic
139441.jpg,Ken O'Dowd
140590.jpg,Clare O'Neil
140651.jpg,Deborah O'Neill
148150.jpg,Keith Pitt
159771.jpg,Michelle Rowland
165476.jpg,Fiona Scott
182468.jpg,Matt Thistlethwaite
183342.jpg,Lin Thorp
188315.jpg,Bert van Manen
192970.jpg,Larissa Waters
193430.jpg,Tim Watts
195565.jpg,Peter Whish-Wilson
198084.jpg,Rick Wilson
1K6.JPG,Bruce Billson
200287.jpg,Penny Wright
204953.jpg,Alex Gallacher
207800.jpg,Brett Whiteley
207825.jpg,Bridget McKenzie
208884.jpg,Christian Porter
210911.jpg,Dan Tehan
212585.jpg,Eric Hutchinson
217266.jpg,Jane Prentice
217571.jpg,John Madigan
218019.jpg,Kevin Hogan
219646.jpg,Michael McCormack
225099.jpg,Sam Dastyari
225307.jpg,Sean Edwards
230485.jpg,George Christensen
230531.jpg,Scott Buchholz
230886.jpg,Karen Andrews
231027.jpg,Angus Taylor
231199.jpg,Anne Urquhart
240756.jpg,Tony Pasin
241067.jpg,David Coleman
241586.jpg,Ann Sudmalis
241589.jpg,Karen McNamara
241590.jpg,Lucy Wicks
241710.jpg,Dean Smith
242515.jpg,Michael Sukkar
243273.jpg,Anne Ruston
243609.jpg,Andrew Giles
247130.jpg,Craig Laundy
247742.jpg,Luke Howarth
247871.jpg,Barry O'Sullivan
248006.jpg,Terri Butler
248181.jpg,Sharon Claydon
249127.jpg,Pat Conroy
249224.jpg,Joanne Ryan
249308.jpg,Melissa Price
249499.jpg,Mehmet Tillem
249710.jpg,Lisa Chesters
249758.jpg,Matt Williams
249764.jpg,Michelle Landry
250077.jpg,Nickolas Varvaris
2K6.jpg,Mal Brough
2L6.jpg,Mark Bishop
2V5.jpg,Wayne Swan
30379.jpg,Andrew Broad
30540.jpg,Gai Brodtmann
37998.jpg,Jim Chalmers
3L6.jpg,Stephen Conroy
4L6.JPG,Alan Eggleston
53369.jpg,Richard Di Natale
5K4.jpg,John Faulkner
72184.jpg,David Gillespie
74046.jpg,Ian Goodenough
7G6.JPG,Kate Lundy
7K6.jpg,Warren Entsch
7L6.JPG,John Hogg
83E.JPG,Bernie Ripoll
83M.jpg,Tanya Plibersek
83N.jpg,Jill Hall
83P.JPG,Julie Bishop
83S.jpg,Anna Burke
84L.JPG,Jan McLucas
84M.JPG,Brett Mason
84N.jpg,Joseph Ludwig
885.JPG,Malcolm Turnbull
8IV.JPG,Nick Xenophon
8K6.jpg,Joel Fitzgibbon
8T4.jpg,Laurie Ferguson
8W5.jpg,Gary Gray
91219.jpg,Ed Husic
96430.jpg,Ewen Jones
99931.jpg,Craig Kelly
9K6.jpg,Teresa Gambaro
9V5.JPG,Christopher Pyne
a9b.jpg,Stephen Jones
AI6.JPG,Doug Cameron
AW5.JPG,Kim Carr
bu8.jpg,Andrew Leigh
C16.JPG,Bill Heffernan
c2t.jpg,Andrew Wilkie
CDK.jpg,Nova Peris
cpr.jpg,Lee Rhiannon
D2I.JPG,Mitch Fifield
DK6.JPG,Joe Hockey
DYN.jpg,Dennis Jensen
DYU.jpg,David Fawcett
DYW.jpg,Tony Burke
DZP.jpg,Sharon Bird
DZS.JPG,Chris Bowen
DZU.jpg,Kate Ellis
DZW.jpg,Justine Elliot
E07.JPG,Louise Markus
E09.jpg,Julie Owens
E0D.JPG,Ross Vasta
E0F.JPG,Jason Wood
E0H.jpg,Andrew Laming
E0J.JPG,Michael Keenan
E3L.JPG,Scott Morrison
E5D.JPG,Barnaby Joyce
ECV.JPG,Chris Hayes
EM6.JPG,Sharman Stone
EZ5.JPG,Tony Abbott
F49.JPG,Carol Brown
FKL.jpg,Josh Frydenberg
FU4.JPG,Andrew Robb
G0D.JPG,Cory Bernardi
G1N.JPG,Helen Kroger
GB6.JPG,Jacinta Collins
GT4.JPG,Warren Truss
H6V.jpg,Sue Boyce
H6X.jpg,Simon Birmingham
HDA.JPG,Mathias Cormann
HK5.jpg,Kevin Andrews
HLL.jpg,David Bushby
HVO.JPG,Shayne Neumann
HVP.jpg,Graham Perrett
HW9.jpg,Nick Champion
HWA.jpg,Amanda Rishworth
HWB.JPG,Tony Zappia
HWE.jpg,Luke Simpkins
HWG.JPG,Mark Dreyfus
HWK.jpg,Mark Butler
HWL.jpg,Jason Clare
HWM.JPG,Julie Collins
HWN.JPG,Mark Coulton
HWO.jpg,Alex Hawke
HWP.jpg,Nola Marino
HWQ.JPG,Richard Marles
HWR.JPG,Melissa Parke
HWS.jpg,Rowan Ramsey
HWT.jpg,Stuart Robert
HX4.jpg,Bob Katter
HYM.jpg,Steve Irons
HZB.JPG,Catryna Bilyk
HZE.jpg,Zed Seselja
I07.JPG,Scott Ludlam
I0M.JPG,Michaelia Cash
I0N.JPG,Don Farrell
I0O.JPG,David Feeney
I0P.JPG,Mark Furner
I0Q.JPG,Scott Ryan
I0T.JPG,Louise Pratt
I0U.JPG,Sarah Hanson-Young
I0V.JPG,John Williams
IJ4.jpg,Warren Snowdon
IPZ.JPG,Darren Chester
IYU.JPG,Jamie Briggs
J7Q.JPG,Chris Back
l6b.jpg,Paul Fletcher
L6P.jpg,Alannah MacTiernan
lku.jpg,Kelly O'Dwyer
LL6.JPG,Bob Baldwin
LQR.jpg,Clive Palmer
m0r.jpg,Lisa Singh
m2v.jpg,Russell Matheson
m2x.jpg,Wyatt Roy
m2y.jpg,Alan Tudge
m3a.jpg,Ken Wyatt
m3c.jpg,Adam Bandt
m3e.jpg,Rob Mitchell
m3m.jpg,John Alexander
M56.JPG,Marise Payne
MT4.jpg,Russell Broadbent
N26.jpg,Eric Abetz
PG6.jpg,Jenny Macklin
PK6.JPG,Don Randall
R36.jpg,Anthony Albanese
SE4.JPG,Bronwyn Bishop
TK6.JPG,Andrew Southcott
UK6.jpg,Kelvin Thomson
VU5.jpg,Alan Griffin
WF6.jpg,Michael Danby
WN6.JPG,Ian Macfarlane
YE4.JPG,Ronald Boswell
YT4.JPG,Bruce Scott
YW4.JPG,Ian Macdonald
ZN4.jpg,Sarah Henderson
bv7.jpg,Arthur Sinodinos
E4T.JPG,Concetta Fierravanti-Wells
E5E.JPG,Anne McEwen
E5G.JPG,Fiona Nash
E5V.JPG,Stephen Parry
E5X.JPG,Helen Polley
E5Z.JPG,Rachel Siewert
E68.JPG,Glenn Sterle
KA5.JPG,Christine Milne
XT4.JPG,Michael Ronaldson
